{
  "Friday": {
    "('Berri 1', 'mean')": 3222.0681818182,
    "('Berri 1', 'std')": 2288.2543605331,
    "('Br\u00e9beuf (donn\u00e9es non disponibles)', 'mean')": 0.0,
    "('Br\u00e9beuf (donn\u00e9es non disponibles)', 'std')": 0.0,
    "('C\u00f4te-Sainte-Catherine', 'mean')": 1282.8636363636,
    "('C\u00f4te-Sainte-Catherine', 'std')": 915.1972361041,
    "('Maisonneuve 1', 'mean')": 2240.1818181818,
    "('Maisonneuve 1', 'std')": 1563.9487928441,
    "('Maisonneuve 2', 'mean')": 3917.9545454545,
    "('Maisonneuve 2', 'std')": 2620.1492674908,
    "('du Parc', 'mean')": 2042.5454545455,
    "('du Parc', 'std')": 1339.2904309189,
    "('Pierre-Dupuy', 'mean')": 965.2272727273,
    "('Pierre-Dupuy', 'std')": 939.6199346355,
    "('Rachel1', 'mean')": 3119.4318181818,
    "('Rachel1', 'std')": 2222.0136205989,
    "('St-Urbain (donn\u00e9es non disponibles)', 'mean')": 0.0,
    "('St-Urbain (donn\u00e9es non disponibles)', 'std')": 0.0
  },
  "Monday": {
    "('Berri 1', 'mean')": 2984.4,
    "('Berri 1', 'std')": 2093.2919745963,
    "('Br\u00e9beuf (donn\u00e9es non disponibles)', 'mean')": 0.0,
    "('Br\u00e9beuf (donn\u00e9es non disponibles)', 'std')": 0.0,
    "('C\u00f4te-Sainte-Catherine', 'mean')": 1340.6444444444,
    "('C\u00f4te-Sainte-Catherine', 'std')": 973.8106301712,
    "('Maisonneuve 1', 'mean')": 2001.1333333333,
    "('Maisonneuve 1', 'std')": 1387.7506260132,
    "('Maisonneuve 2', 'mean')": 3639.2666666667,
    "('Maisonneuve 2', 'std')": 2402.4313479927,
    "('du Parc', 'mean')": 2004.0888888889,
    "('du Parc', 'std')": 1342.1446342298,
    "('Pierre-Dupuy', 'mean')": 1026.7555555556,
    "('Pierre-Dupuy', 'std')": 1030.1233632116,
    "('Rachel1', 'mean')": 2891.7777777778,
    "('Rachel1', 'std')": 2010.2325384358,
    "('St-Urbain (donn\u00e9es non disponibles)', 'mean')": 0.0,
    "('St-Urbain (donn\u00e9es non disponibles)', 'std')": 0.0
  },
  "Saturday": {
    "('Berri 1', 'mean')": 2308.5909090909,
    "('Berri 1', 'std')": 1866.2664048492,
    "('Br\u00e9beuf (donn\u00e9es non disponibles)', 'mean')": 0.0,
    "('Br\u00e9beuf (donn\u00e9es non disponibles)', 'std')": 0.0,
    "('C\u00f4te-Sainte-Catherine', 'mean')": 773.1363636364,
    "('C\u00f4te-Sainte-Catherine', 'std')": 574.5663113069,
    "('Maisonneuve 1', 'mean')": 1410.6136363636,
    "('Maisonneuve 1', 'std')": 1109.430069815,
    "('Maisonneuve 2', 'mean')": 2387.7272727273,
    "('Maisonneuve 2', 'std')": 1778.6502115517,
    "('du Parc', 'mean')": 1097.4772727273,
    "('du Parc', 'std')": 769.8309838253,
    "('Pierre-Dupuy', 'mean')": 1201.3863636364,
    "('Pierre-Dupuy', 'std')": 1232.6889348259,
    "('Rachel1', 'mean')": 2564.2727272727,
    "('Rachel1', 'std')": 1964.8647194529,
    "('St-Urbain (donn\u00e9es non disponibles)', 'mean')": 0.0,
    "('St-Urbain (donn\u00e9es non disponibles)', 'std')": 0.0
  },
  "Sunday": {
    "('Berri 1', 'mean')": 2206.8888888889,
    "('Berri 1', 'std')": 1771.6070160145,
    "('Br\u00e9beuf (donn\u00e9es non disponibles)', 'mean')": 0.0,
    "('Br\u00e9beuf (donn\u00e9es non disponibles)', 'std')": 0.0,
    "('C\u00f4te-Sainte-Catherine', 'mean')": 810.3555555556,
    "('C\u00f4te-Sainte-Catherine', 'std')": 623.0406799631,
    "('Maisonneuve 1', 'mean')": 1229.4222222222,
    "('Maisonneuve 1', 'std')": 938.5555025214,
    "('Maisonneuve 2', 'mean')": 2184.6222222222,
    "('Maisonneuve 2', 'std')": 1601.7020107726,
    "('du Parc', 'mean')": 1111.2,
    "('du Parc', 'std')": 806.8685428585,
    "('Pierre-Dupuy', 'mean')": 1366.3333333333,
    "('Pierre-Dupuy', 'std')": 1401.6791715653,
    "('Rachel1', 'mean')": 2603.3333333333,
    "('Rachel1', 'std')": 2014.7068363322,
    "('St-Urbain (donn\u00e9es non disponibles)', 'mean')": 0.0,
    "('St-Urbain (donn\u00e9es non disponibles)', 'std')": 0.0
  },
  "Thursday": {
    "('Berri 1', 'mean')": 3639.3409090909,
    "('Berri 1', 'std')": 2370.0787538989,
    "('Br\u00e9beuf (donn\u00e9es non disponibles)', 'mean')": 0.0,
    "('Br\u00e9beuf (donn\u00e9es non disponibles)', 'std')": 0.0,
    "('C\u00f4te-Sainte-Catherine', 'mean')": 1568.8181818182,
    "('C\u00f4te-Sainte-Catherine', 'std')": 1061.6206188024,
    "('Maisonneuve 1', 'mean')": 2543.0681818182,
    "('Maisonneuve 1', 'std')": 1639.3311653421,
    "('Maisonneuve 2', 'mean')": 4470.7954545455,
    "('Maisonneuve 2', 'std')": 2783.4616692466,
    "('du Parc', 'mean')": 2401.6818181818,
    "('du Parc', 'std')": 1463.7455105522,
    "('Pierre-Dupuy', 'mean')": 1031.4772727273,
    "('Pierre-Dupuy', 'std')": 912.2205590254,
    "('Rachel1', 'mean')": 3187.2954545455,
    "('Rachel1', 'std')": 2116.1351077843,
    "('St-Urbain (donn\u00e9es non disponibles)', 'mean')": 0.0,
    "('St-Urbain (donn\u00e9es non disponibles)', 'std')": 0.0
  },
  "Tuesday": {
    "('Berri 1', 'mean')": 3075.1136363636,
    "('Berri 1', 'std')": 2151.0835800084,
    "('Br\u00e9beuf (donn\u00e9es non disponibles)', 'mean')": 0.0,
    "('Br\u00e9beuf (donn\u00e9es non disponibles)', 'std')": 0.0,
    "('C\u00f4te-Sainte-Catherine', 'mean')": 1334.2727272727,
    "('C\u00f4te-Sainte-Catherine', 'std')": 989.3111618964,
    "('Maisonneuve 1', 'mean')": 2091.7045454545,
    "('Maisonneuve 1', 'std')": 1401.825331314,
    "('Maisonneuve 2', 'mean')": 3770.0,
    "('Maisonneuve 2', 'std')": 2470.963901932,
    "('du Parc', 'mean')": 2077.25,
    "('du Parc', 'std')": 1355.3914413565,
    "('Pierre-Dupuy', 'mean')": 799.25,
    "('Pierre-Dupuy', 'std')": 853.4072373672,
    "('Rachel1', 'mean')": 2729.2727272727,
    "('Rachel1', 'std')": 1939.3085121469,
    "('St-Urbain (donn\u00e9es non disponibles)', 'mean')": 0.0,
    "('St-Urbain (donn\u00e9es non disponibles)', 'std')": 0.0
  },
  "Wednesday": {
    "('Berri 1', 'mean')": 3476.6363636364,
    "('Berri 1', 'std')": 2302.9857373753,
    "('Br\u00e9beuf (donn\u00e9es non disponibles)', 'mean')": 0.0,
    "('Br\u00e9beuf (donn\u00e9es non disponibles)', 'std')": 0.0,
    "('C\u00f4te-Sainte-Catherine', 'mean')": 1530.5454545455,
    "('C\u00f4te-Sainte-Catherine', 'std')": 1066.2722819623,
    "('Maisonneuve 1', 'mean')": 2383.8863636364,
    "('Maisonneuve 1', 'std')": 1557.9458929601,
    "('Maisonneuve 2', 'mean')": 4228.6590909091,
    "('Maisonneuve 2', 'std')": 2665.2870515434,
    "('du Parc', 'mean')": 2320.5227272727,
    "('du Parc', 'std')": 1442.777158713,
    "('Pierre-Dupuy', 'mean')": 983.25,
    "('Pierre-Dupuy', 'std')": 933.5151902702,
    "('Rachel1', 'mean')": 3024.7272727273,
    "('Rachel1', 'std')": 2044.0247047571,
    "('St-Urbain (donn\u00e9es non disponibles)', 'mean')": 0.0,
    "('St-Urbain (donn\u00e9es non disponibles)', 'std')": 0.0
  }
}